id,validation_fold,spatial_group,roof_fraction_valid
121,0,visual_scene_121,0.1683502197265625
241,0,visual_scene_241,0.15240650250710613
328,0,visual_scene_328,0.11390208701574586
417,0,visual_scene_417,0.1202239990234375
270,1,visual_scene_270,0.282016242992686
301,1,visual_scene_301,0.120445798588839
308,1,visual_scene_308,0.10767853145287665
314,1,visual_scene_314,0.1476593017578125
317,1,visual_scene_317,0.17339857942456877
287,2,visual_scene_287,0.20944843342036554
320,2,visual_scene_320,0.1844734168642059
343,2,visual_scene_343,0.135712776504624
345,2,visual_scene_345,0.13145102555851018
379,2,visual_scene_379,0.09840214279117022
284,3,visual_scene_284,0.127471923828125
300,3,visual_scene_300,0.10702592196259443
303,3,visual_scene_303,0.17449280708225748
315,3,visual_scene_315,0.14706680905750538
324,3,visual_scene_324,0.22871009199134198
272,4,visual_scene_272,0.135040283203125
274,4,visual_scene_274,0.053192138671875
337,4,visual_scene_337,0.13506266758121843
381,4,visual_scene_381,0.18532523965900422
532,4,visual_scene_532,0.18640115559224102
