id,spatial_group,review,geographic_independence
121,visual_scene_121,Visual scene review: no repeated scene confirmed; image metadata has no location coordinates.,unknown
241,visual_scene_241,Visual scene review: no repeated scene confirmed; image metadata has no location coordinates.,unknown
270,visual_scene_270,Visual scene review: no repeated scene confirmed; image metadata has no location coordinates.,unknown
272,visual_scene_272,Visual scene review: no repeated scene confirmed; image metadata has no location coordinates.,unknown
274,visual_scene_274,Visual scene review: no repeated scene confirmed; image metadata has no location coordinates.,unknown
278,visual_scene_278,Visual scene review: no repeated scene confirmed; image metadata has no location coordinates.,unknown
284,visual_scene_284,Visual scene review: no repeated scene confirmed; image metadata has no location coordinates.,unknown
287,visual_scene_287,Visual scene review: no repeated scene confirmed; image metadata has no location coordinates.,unknown
300,visual_scene_300,Visual scene review: no repeated scene confirmed; image metadata has no location coordinates.,unknown
301,visual_scene_301,Visual scene review: no repeated scene confirmed; image metadata has no location coordinates.,unknown
303,visual_scene_303,Visual scene review: no repeated scene confirmed; image metadata has no location coordinates.,unknown
308,visual_scene_308,Visual scene review: no repeated scene confirmed; image metadata has no location coordinates.,unknown
314,visual_scene_314,Visual scene review: no repeated scene confirmed; image metadata has no location coordinates.,unknown
315,visual_scene_315,Visual scene review: no repeated scene confirmed; image metadata has no location coordinates.,unknown
317,visual_scene_317,Visual scene review: no repeated scene confirmed; image metadata has no location coordinates.,unknown
320,visual_scene_320,Visual scene review: no repeated scene confirmed; image metadata has no location coordinates.,unknown
324,visual_scene_324,Visual scene review: no repeated scene confirmed; image metadata has no location coordinates.,unknown
328,visual_scene_328,Visual scene review: no repeated scene confirmed; image metadata has no location coordinates.,unknown
337,visual_scene_337,Visual scene review: no repeated scene confirmed; image metadata has no location coordinates.,unknown
343,visual_scene_343,Visual scene review: no repeated scene confirmed; image metadata has no location coordinates.,unknown
345,visual_scene_345,Visual scene review: no repeated scene confirmed; image metadata has no location coordinates.,unknown
379,visual_scene_379,Visual scene review: no repeated scene confirmed; image metadata has no location coordinates.,unknown
381,visual_scene_381,Visual scene review: no repeated scene confirmed; image metadata has no location coordinates.,unknown
417,visual_scene_417,Visual scene review: no repeated scene confirmed; image metadata has no location coordinates.,unknown
532,visual_scene_532,Visual scene review: no repeated scene confirmed; image metadata has no location coordinates.,unknown
535,visual_scene_535,Visual scene review: no repeated scene confirmed; image metadata has no location coordinates.,unknown
537,visual_scene_537,Visual scene review: no repeated scene confirmed; image metadata has no location coordinates.,unknown
539,visual_scene_539,Visual scene review: no repeated scene confirmed; image metadata has no location coordinates.,unknown
551,visual_scene_551,Visual scene review: no repeated scene confirmed; image metadata has no location coordinates.,unknown
553,visual_scene_553,Visual scene review: no repeated scene confirmed; image metadata has no location coordinates.,unknown
